SampleID,Group,Treatment,Vaccine,Challenge,PigID,Study_Day,Days_post_vaccination,Days_post_challenge,Sample_Type
1971_V_1_F,1,MVMC,Mock,Mock,1971,V_1,-1,-28,Fecal
1972_V_1_F,2,MVC,Mock,I4512i,1972,V_1,-1,-28,Fecal
1973_V_1_F,3,EVC,Enterisol,I4512i,1973,V_1,-1,-28,Fecal
1975_V_1_F,2,MVC,Mock,I4512i,1975,V_1,-1,-28,Fecal
1977_V_1_F,3,EVC,Enterisol,I4512i,1977,V_1,-1,-28,Fecal
1978_V_1_F,2,MVC,Mock,I4512i,1978,V_1,-1,-28,Fecal
1979_V_1_F,1,MVMC,Mock,Mock,1979,V_1,-1,-28,Fecal
1980_V_1_F,3,EVC,Enterisol,I4512i,1980,V_1,-1,-28,Fecal
1981_V_1_F,1,MVMC,Mock,Mock,1981,V_1,-1,-28,Fecal
1984_V_1_F,3,EVC,Enterisol,I4512i,1984,V_1,-1,-28,Fecal
1986_V_1_F,2,MVC,Mock,I4512i,1986,V_1,-1,-28,Fecal
1988_V_1_F,1,MVMC,Mock,Mock,1988,V_1,-1,-28,Fecal
1989_V_1_F,2,MVC,Mock,I4512i,1989,V_1,-1,-28,Fecal
1990_V_1_F,3,EVC,Enterisol,I4512i,1990,V_1,-1,-28,Fecal
1991_V_1_F,1,MVMC,Mock,Mock,1991,V_1,-1,-28,Fecal
1993_V_1_F,3,EVC,Enterisol,I4512i,1993,V_1,-1,-28,Fecal
1995_V_1_F,2,MVC,Mock,I4512i,1995,V_1,-1,-28,Fecal
2000_V_1_F,3,EVC,Enterisol,I4512i,2000,V_1,-1,-28,Fecal
5374_V_1_F,1,MVMC,Mock,Mock,5374,V_1,-1,-28,Fecal
5375_V_1_F,2,MVC,Mock,I4512i,5375,V_1,-1,-28,Fecal
5377_V_1_F,1,MVMC,Mock,Mock,5377,V_1,-1,-28,Fecal
5379_V_1_F,3,EVC,Enterisol,I4512i,5379,V_1,-1,-28,Fecal
5381_V_1_F,2,MVC,Mock,I4512i,5381,V_1,-1,-28,Fecal
5382_V_1_F,3,EVC,Enterisol,I4512i,5382,V_1,-1,-28,Fecal
5393_V_1_F,2,MVC,Mock,I4512i,5393,V_1,-1,-28,Fecal
5394_V_1_F,3,EVC,Enterisol,I4512i,5394,V_1,-1,-28,Fecal
5396_V_1_F,3,EVC,Enterisol,I4512i,5396,V_1,-1,-28,Fecal
5397_V_1_F,1,MVMC,Mock,Mock,5397,V_1,-1,-28,Fecal
5400_V_1_F,1,MVMC,Mock,Mock,5400,V_1,-1,-28,Fecal
5402_V_1_F,2,MVC,Mock,I4512i,5402,V_1,-1,-28,Fecal
5404_V_1_F,1,MVMC,Mock,Mock,5404,V_1,-1,-28,Fecal
5406_V_1_F,2,MVC,Mock,I4512i,5406,V_1,-1,-28,Fecal
5407_V_1_F,3,EVC,Enterisol,I4512i,5407,V_1,-1,-28,Fecal
5408_V_1_F,1,MVMC,Mock,Mock,5408,V_1,-1,-28,Fecal
5409_V_1_F,2,MVC,Mock,I4512i,5409,V_1,-1,-28,Fecal
5411_V_1_F,3,EVC,Enterisol,I4512i,5411,V_1,-1,-28,Fecal
5413_V_1_F,1,MVMC,Mock,Mock,5413,V_1,-1,-28,Fecal
5415_V_1_F,2,MVC,Mock,I4512i,5415,V_1,-1,-28,Fecal
5416_V_1_F,3,EVC,Enterisol,I4512i,5416,V_1,-1,-28,Fecal
5418_V_1_F,2,MVC,Mock,I4512i,5418,V_1,-1,-28,Fecal
5420_V_1_F,3,EVC,Enterisol,I4512i,5420,V_1,-1,-28,Fecal
5421_V_1_F,1,MVMC,Mock,Mock,5421,V_1,-1,-28,Fecal
5425_V_1_F,1,MVMC,Mock,Mock,5425,V_1,-1,-28,Fecal
6137_V_1_F,2,MVC,Mock,I4512i,6137,V_1,-1,-28,Fecal
6140_V_1_F,2,MVC,Mock,I4512i,6140,V_1,-1,-28,Fecal
6141_V_1_F,1,MVMC,Mock,Mock,6141,V_1,-1,-28,Fecal
6142_V_1_F,3,EVC,Enterisol,I4512i,6142,V_1,-1,-28,Fecal
81_V_1_F,3,EVC,Enterisol,I4512i,81,V_1,-1,-28,Fecal
82_V_1_F,1,MVMC,Mock,Mock,82,V_1,-1,-28,Fecal
83_V_1_F,2,MVC,Mock,I4512i,83,V_1,-1,-28,Fecal
84_V_1_F,1,MVMC,Mock,Mock,84,V_1,-1,-28,Fecal
88_V_1_F,1,MVMC,Mock,Mock,88,V_1,-1,-28,Fecal
89_V_1_F,3,EVC,Enterisol,I4512i,89,V_1,-1,-28,Fecal
90_V_1_F,2,MVC,Mock,I4512i,90,V_1,-1,-28,Fecal
91_V_1_F,1,MVMC,Mock,Mock,91,V_1,-1,-28,Fecal
92_V_1_F,3,EVC,Enterisol,I4512i,92,V_1,-1,-28,Fecal
96_V_1_F,2,MVC,Mock,I4512i,96,V_1,-1,-28,Fecal
98_V_1_F,1,MVMC,Mock,Mock,98,V_1,-1,-28,Fecal
99_V_1_F,3,EVC,Enterisol,I4512i,99,V_1,-1,-28,Fecal
1971_D_1_F,1,MVMC,Mock,Mock,1971,D_1,27,-1,Fecal
1972_D_1_F,2,MVC,Mock,I4512i,1972,D_1,27,-1,Fecal
1973_D_1_F,3,EVC,Enterisol,I4512i,1973,D_1,27,-1,Fecal
1975_D_1_F,2,MVC,Mock,I4512i,1975,D_1,27,-1,Fecal
1977_D_1_F,3,EVC,Enterisol,I4512i,1977,D_1,27,-1,Fecal
1978_D_1_F,2,MVC,Mock,I4512i,1978,D_1,27,-1,Fecal
1979_D_1_F,1,MVMC,Mock,Mock,1979,D_1,27,-1,Fecal
1980_D_1_F,3,EVC,Enterisol,I4512i,1980,D_1,27,-1,Fecal
1981_D_1_F,1,MVMC,Mock,Mock,1981,D_1,27,-1,Fecal
1984_D_1_F,3,EVC,Enterisol,I4512i,1984,D_1,27,-1,Fecal
1986_D_1_F,2,MVC,Mock,I4512i,1986,D_1,27,-1,Fecal
1988_D_1_F,1,MVMC,Mock,Mock,1988,D_1,27,-1,Fecal
1989_D_1_F,2,MVC,Mock,I4512i,1989,D_1,27,-1,Fecal
1990_D_1_F,3,EVC,Enterisol,I4512i,1990,D_1,27,-1,Fecal
1991_D_1_F,1,MVMC,Mock,Mock,1991,D_1,27,-1,Fecal
1993_D_1_F,3,EVC,Enterisol,I4512i,1993,D_1,27,-1,Fecal
1995_D_1_F,2,MVC,Mock,I4512i,1995,D_1,27,-1,Fecal
2000_D_1_F,3,EVC,Enterisol,I4512i,2000,D_1,27,-1,Fecal
5374_D_1_F,1,MVMC,Mock,Mock,5374,D_1,27,-1,Fecal
5375_D_1_F,2,MVC,Mock,I4512i,5375,D_1,27,-1,Fecal
5377_D_1_F,1,MVMC,Mock,Mock,5377,D_1,27,-1,Fecal
5379_D_1_F,3,EVC,Enterisol,I4512i,5379,D_1,27,-1,Fecal
5381_D_1_F,2,MVC,Mock,I4512i,5381,D_1,27,-1,Fecal
5382_D_1_F,3,EVC,Enterisol,I4512i,5382,D_1,27,-1,Fecal
5393_D_1_F,2,MVC,Mock,I4512i,5393,D_1,27,-1,Fecal
5394_D_1_F,3,EVC,Enterisol,I4512i,5394,D_1,27,-1,Fecal
5396_D_1_F,3,EVC,Enterisol,I4512i,5396,D_1,27,-1,Fecal
5397_D_1_F,1,MVMC,Mock,Mock,5397,D_1,27,-1,Fecal
5400_D_1_F,1,MVMC,Mock,Mock,5400,D_1,27,-1,Fecal
5402_D_1_F,2,MVC,Mock,I4512i,5402,D_1,27,-1,Fecal
5404_D_1_F,1,MVMC,Mock,Mock,5404,D_1,27,-1,Fecal
5406_D_1_F,2,MVC,Mock,I4512i,5406,D_1,27,-1,Fecal
5407_D_1_F,3,EVC,Enterisol,I4512i,5407,D_1,27,-1,Fecal
5408_D_1_F,1,MVMC,Mock,Mock,5408,D_1,27,-1,Fecal
5409_D_1_F,2,MVC,Mock,I4512i,5409,D_1,27,-1,Fecal
5411_D_1_F,3,EVC,Enterisol,I4512i,5411,D_1,27,-1,Fecal
5413_D_1_F,1,MVMC,Mock,Mock,5413,D_1,27,-1,Fecal
5415_D_1_F,2,MVC,Mock,I4512i,5415,D_1,27,-1,Fecal
5416_D_1_F,3,EVC,Enterisol,I4512i,5416,D_1,27,-1,Fecal
5418_D_1_F,2,MVC,Mock,I4512i,5418,D_1,27,-1,Fecal
5420_D_1_F,3,EVC,Enterisol,I4512i,5420,D_1,27,-1,Fecal
5421_D_1_F,1,MVMC,Mock,Mock,5421,D_1,27,-1,Fecal
5425_D_1_F,1,MVMC,Mock,Mock,5425,D_1,27,-1,Fecal
6137_D_1_F,2,MVC,Mock,I4512i,6137,D_1,27,-1,Fecal
6140_D_1_F,2,MVC,Mock,I4512i,6140,D_1,27,-1,Fecal
6141_D_1_F,1,MVMC,Mock,Mock,6141,D_1,27,-1,Fecal
6142_D_1_F,3,EVC,Enterisol,I4512i,6142,D_1,27,-1,Fecal
81_D_1_F,3,EVC,Enterisol,I4512i,81,D_1,27,-1,Fecal
82_D_1_F,1,MVMC,Mock,Mock,82,D_1,27,-1,Fecal
83_D_1_F,2,MVC,Mock,I4512i,83,D_1,27,-1,Fecal
84_D_1_F,1,MVMC,Mock,Mock,84,D_1,27,-1,Fecal
88_D_1_F,1,MVMC,Mock,Mock,88,D_1,27,-1,Fecal
89_D_1_F,3,EVC,Enterisol,I4512i,89,D_1,27,-1,Fecal
90_D_1_F,2,MVC,Mock,I4512i,90,D_1,27,-1,Fecal
91_D_1_F,1,MVMC,Mock,Mock,91,D_1,27,-1,Fecal
92_D_1_F,3,EVC,Enterisol,I4512i,92,D_1,27,-1,Fecal
96_D_1_F,2,MVC,Mock,I4512i,96,D_1,27,-1,Fecal
98_D_1_F,1,MVMC,Mock,Mock,98,D_1,27,-1,Fecal
99_D_1_F,3,EVC,Enterisol,I4512i,99,D_1,27,-1,Fecal
1971_D2_F,1,MVMC,Mock,Mock,1971,D2,29,2,Fecal
1972_D2_F,2,MVC,Mock,I4512i,1972,D2,29,2,Fecal
1973_D2_F,3,EVC,Enterisol,I4512i,1973,D2,29,2,Fecal
1975_D2_F,2,MVC,Mock,I4512i,1975,D2,29,2,Fecal
1977_D2_F,3,EVC,Enterisol,I4512i,1977,D2,29,2,Fecal
1978_D2_F,2,MVC,Mock,I4512i,1978,D2,29,2,Fecal
1979_D2_F,1,MVMC,Mock,Mock,1979,D2,29,2,Fecal
1980_D2_F,3,EVC,Enterisol,I4512i,1980,D2,29,2,Fecal
1981_D2_F,1,MVMC,Mock,Mock,1981,D2,29,2,Fecal
1984_D2_F,3,EVC,Enterisol,I4512i,1984,D2,29,2,Fecal
1986_D2_F,2,MVC,Mock,I4512i,1986,D2,29,2,Fecal
1988_D2_F,1,MVMC,Mock,Mock,1988,D2,29,2,Fecal
1989_D2_F,2,MVC,Mock,I4512i,1989,D2,29,2,Fecal
1990_D2_F,3,EVC,Enterisol,I4512i,1990,D2,29,2,Fecal
1991_D2_F,1,MVMC,Mock,Mock,1991,D2,29,2,Fecal
1993_D2_F,3,EVC,Enterisol,I4512i,1993,D2,29,2,Fecal
1995_D2_F,2,MVC,Mock,I4512i,1995,D2,29,2,Fecal
2000_D2_F,3,EVC,Enterisol,I4512i,2000,D2,29,2,Fecal
5374_D2_F,1,MVMC,Mock,Mock,5374,D2,29,2,Fecal
5375_D2_F,2,MVC,Mock,I4512i,5375,D2,29,2,Fecal
5377_D2_F,1,MVMC,Mock,Mock,5377,D2,29,2,Fecal
5379_D2_F,3,EVC,Enterisol,I4512i,5379,D2,29,2,Fecal
5381_D2_F,2,MVC,Mock,I4512i,5381,D2,29,2,Fecal
5382_D2_F,3,EVC,Enterisol,I4512i,5382,D2,29,2,Fecal
5393_D2_F,2,MVC,Mock,I4512i,5393,D2,29,2,Fecal
5394_D2_F,3,EVC,Enterisol,I4512i,5394,D2,29,2,Fecal
5396_D2_F,3,EVC,Enterisol,I4512i,5396,D2,29,2,Fecal
5397_D2_F,1,MVMC,Mock,Mock,5397,D2,29,2,Fecal
5400_D2_F,1,MVMC,Mock,Mock,5400,D2,29,2,Fecal
5402_D2_F,2,MVC,Mock,I4512i,5402,D2,29,2,Fecal
5404_D2_F,1,MVMC,Mock,Mock,5404,D2,29,2,Fecal
5406_D2_F,2,MVC,Mock,I4512i,5406,D2,29,2,Fecal
5407_D2_F,3,EVC,Enterisol,I4512i,5407,D2,29,2,Fecal
5408_D2_F,1,MVMC,Mock,Mock,5408,D2,29,2,Fecal
5409_D2_F,2,MVC,Mock,I4512i,5409,D2,29,2,Fecal
5411_D2_F,3,EVC,Enterisol,I4512i,5411,D2,29,2,Fecal
5413_D2_F,1,MVMC,Mock,Mock,5413,D2,29,2,Fecal
5415_D2_F,2,MVC,Mock,I4512i,5415,D2,29,2,Fecal
5416_D2_F,3,EVC,Enterisol,I4512i,5416,D2,29,2,Fecal
5418_D2_F,2,MVC,Mock,I4512i,5418,D2,29,2,Fecal
5420_D2_F,3,EVC,Enterisol,I4512i,5420,D2,29,2,Fecal
5421_D2_F,1,MVMC,Mock,Mock,5421,D2,29,2,Fecal
5425_D2_F,1,MVMC,Mock,Mock,5425,D2,29,2,Fecal
6137_D2_F,2,MVC,Mock,I4512i,6137,D2,29,2,Fecal
6140_D2_F,2,MVC,Mock,I4512i,6140,D2,29,2,Fecal
6141_D2_F,1,MVMC,Mock,Mock,6141,D2,29,2,Fecal
6142_D2_F,3,EVC,Enterisol,I4512i,6142,D2,29,2,Fecal
81_D2_F,3,EVC,Enterisol,I4512i,81,D2,29,2,Fecal
82_D2_F,1,MVMC,Mock,Mock,82,D2,29,2,Fecal
83_D2_F,2,MVC,Mock,I4512i,83,D2,29,2,Fecal
84_D2_F,1,MVMC,Mock,Mock,84,D2,29,2,Fecal
88_D2_F,1,MVMC,Mock,Mock,88,D2,29,2,Fecal
89_D2_F,3,EVC,Enterisol,I4512i,89,D2,29,2,Fecal
90_D2_F,2,MVC,Mock,I4512i,90,D2,29,2,Fecal
91_D2_F,1,MVMC,Mock,Mock,91,D2,29,2,Fecal
92_D2_F,3,EVC,Enterisol,I4512i,92,D2,29,2,Fecal
96_D2_F,2,MVC,Mock,I4512i,96,D2,29,2,Fecal
98_D2_F,1,MVMC,Mock,Mock,98,D2,29,2,Fecal
99_D2_F,3,EVC,Enterisol,I4512i,99,D2,29,2,Fecal
1971_D3_F,1,MVMC,Mock,Mock,1971,D3,30,3,Fecal
1972_D3_F,2,MVC,Mock,I4512i,1972,D3,30,3,Fecal
1973_D3_F,3,EVC,Enterisol,I4512i,1973,D3,30,3,Fecal
1975_D3_F,2,MVC,Mock,I4512i,1975,D3,30,3,Fecal
1977_D3_F,3,EVC,Enterisol,I4512i,1977,D3,30,3,Fecal
1978_D3_F,2,MVC,Mock,I4512i,1978,D3,30,3,Fecal
1979_D3_F,1,MVMC,Mock,Mock,1979,D3,30,3,Fecal
1980_D3_F,3,EVC,Enterisol,I4512i,1980,D3,30,3,Fecal
1981_D3_F,1,MVMC,Mock,Mock,1981,D3,30,3,Fecal
1984_D3_F,3,EVC,Enterisol,I4512i,1984,D3,30,3,Fecal
1986_D3_F,2,MVC,Mock,I4512i,1986,D3,30,3,Fecal
1988_D3_F,1,MVMC,Mock,Mock,1988,D3,30,3,Fecal
1989_D3_F,2,MVC,Mock,I4512i,1989,D3,30,3,Fecal
1990_D3_F,3,EVC,Enterisol,I4512i,1990,D3,30,3,Fecal
1991_D3_F,1,MVMC,Mock,Mock,1991,D3,30,3,Fecal
1993_D3_F,3,EVC,Enterisol,I4512i,1993,D3,30,3,Fecal
1995_D3_F,2,MVC,Mock,I4512i,1995,D3,30,3,Fecal
2000_D3_F,3,EVC,Enterisol,I4512i,2000,D3,30,3,Fecal
5374_D3_F,1,MVMC,Mock,Mock,5374,D3,30,3,Fecal
5375_D3_F,2,MVC,Mock,I4512i,5375,D3,30,3,Fecal
5377_D3_F,1,MVMC,Mock,Mock,5377,D3,30,3,Fecal
5379_D3_F,3,EVC,Enterisol,I4512i,5379,D3,30,3,Fecal
5381_D3_F,2,MVC,Mock,I4512i,5381,D3,30,3,Fecal
5382_D3_F,3,EVC,Enterisol,I4512i,5382,D3,30,3,Fecal
5393_D3_F,2,MVC,Mock,I4512i,5393,D3,30,3,Fecal
5394_D3_F,3,EVC,Enterisol,I4512i,5394,D3,30,3,Fecal
5396_D3_F,3,EVC,Enterisol,I4512i,5396,D3,30,3,Fecal
5397_D3_F,1,MVMC,Mock,Mock,5397,D3,30,3,Fecal
5400_D3_F,1,MVMC,Mock,Mock,5400,D3,30,3,Fecal
5402_D3_F,2,MVC,Mock,I4512i,5402,D3,30,3,Fecal
5404_D3_F,1,MVMC,Mock,Mock,5404,D3,30,3,Fecal
5406_D3_F,2,MVC,Mock,I4512i,5406,D3,30,3,Fecal
5407_D3_F,3,EVC,Enterisol,I4512i,5407,D3,30,3,Fecal
5408_D3_F,1,MVMC,Mock,Mock,5408,D3,30,3,Fecal
5409_D3_F,2,MVC,Mock,I4512i,5409,D3,30,3,Fecal
5411_D3_F,3,EVC,Enterisol,I4512i,5411,D3,30,3,Fecal
5413_D3_F,1,MVMC,Mock,Mock,5413,D3,30,3,Fecal
5415_D3_F,2,MVC,Mock,I4512i,5415,D3,30,3,Fecal
5416_D3_F,3,EVC,Enterisol,I4512i,5416,D3,30,3,Fecal
5418_D3_F,2,MVC,Mock,I4512i,5418,D3,30,3,Fecal
5420_D3_F,3,EVC,Enterisol,I4512i,5420,D3,30,3,Fecal
5421_D3_F,1,MVMC,Mock,Mock,5421,D3,30,3,Fecal
5425_D3_F,1,MVMC,Mock,Mock,5425,D3,30,3,Fecal
6137_D3_F,2,MVC,Mock,I4512i,6137,D3,30,3,Fecal
6140_D3_F,2,MVC,Mock,I4512i,6140,D3,30,3,Fecal
6141_D3_F,1,MVMC,Mock,Mock,6141,D3,30,3,Fecal
6142_D3_F,3,EVC,Enterisol,I4512i,6142,D3,30,3,Fecal
81_D3_F,3,EVC,Enterisol,I4512i,81,D3,30,3,Fecal
82_D3_F,1,MVMC,Mock,Mock,82,D3,30,3,Fecal
83_D3_F,2,MVC,Mock,I4512i,83,D3,30,3,Fecal
84_D3_F,1,MVMC,Mock,Mock,84,D3,30,3,Fecal
88_D3_F,1,MVMC,Mock,Mock,88,D3,30,3,Fecal
89_D3_F,3,EVC,Enterisol,I4512i,89,D3,30,3,Fecal
90_D3_F,2,MVC,Mock,I4512i,90,D3,30,3,Fecal
91_D3_F,1,MVMC,Mock,Mock,91,D3,30,3,Fecal
92_D3_F,3,EVC,Enterisol,I4512i,92,D3,30,3,Fecal
96_D3_F,2,MVC,Mock,I4512i,96,D3,30,3,Fecal
98_D3_F,1,MVMC,Mock,Mock,98,D3,30,3,Fecal
99_D3_F,3,EVC,Enterisol,I4512i,99,D3,30,3,Fecal
1971_D7_F,1,MVMC,Mock,Mock,1971,D7,34,7,Fecal
1972_D7_F,2,MVC,Mock,I4512i,1972,D7,34,7,Fecal
1973_D7_F,3,EVC,Enterisol,I4512i,1973,D7,34,7,Fecal
1975_D7_F,2,MVC,Mock,I4512i,1975,D7,34,7,Fecal
1977_D7_F,3,EVC,Enterisol,I4512i,1977,D7,34,7,Fecal
1978_D7_F,2,MVC,Mock,I4512i,1978,D7,34,7,Fecal
1979_D7_F,1,MVMC,Mock,Mock,1979,D7,34,7,Fecal
1980_D7_F,3,EVC,Enterisol,I4512i,1980,D7,34,7,Fecal
1981_D7_F,1,MVMC,Mock,Mock,1981,D7,34,7,Fecal
1984_D7_F,3,EVC,Enterisol,I4512i,1984,D7,34,7,Fecal
1986_D7_F,2,MVC,Mock,I4512i,1986,D7,34,7,Fecal
1988_D7_F,1,MVMC,Mock,Mock,1988,D7,34,7,Fecal
1989_D7_F,2,MVC,Mock,I4512i,1989,D7,34,7,Fecal
1990_D7_F,3,EVC,Enterisol,I4512i,1990,D7,34,7,Fecal
1991_D7_F,1,MVMC,Mock,Mock,1991,D7,34,7,Fecal
1993_D7_F,3,EVC,Enterisol,I4512i,1993,D7,34,7,Fecal
1995_D7_F,2,MVC,Mock,I4512i,1995,D7,34,7,Fecal
2000_D7_F,3,EVC,Enterisol,I4512i,2000,D7,34,7,Fecal
5374_D7_F,1,MVMC,Mock,Mock,5374,D7,34,7,Fecal
5375_D7_F,2,MVC,Mock,I4512i,5375,D7,34,7,Fecal
5377_D7_F,1,MVMC,Mock,Mock,5377,D7,34,7,Fecal
5379_D7_F,3,EVC,Enterisol,I4512i,5379,D7,34,7,Fecal
5381_D7_F,2,MVC,Mock,I4512i,5381,D7,34,7,Fecal
5382_D7_F,3,EVC,Enterisol,I4512i,5382,D7,34,7,Fecal
5393_D7_F,2,MVC,Mock,I4512i,5393,D7,34,7,Fecal
5394_D7_F,3,EVC,Enterisol,I4512i,5394,D7,34,7,Fecal
5396_D7_F,3,EVC,Enterisol,I4512i,5396,D7,34,7,Fecal
5397_D7_F,1,MVMC,Mock,Mock,5397,D7,34,7,Fecal
5400_D7_F,1,MVMC,Mock,Mock,5400,D7,34,7,Fecal
5402_D7_F,2,MVC,Mock,I4512i,5402,D7,34,7,Fecal
5404_D7_F,1,MVMC,Mock,Mock,5404,D7,34,7,Fecal
5406_D7_F,2,MVC,Mock,I4512i,5406,D7,34,7,Fecal
5407_D7_F,3,EVC,Enterisol,I4512i,5407,D7,34,7,Fecal
5408_D7_F,1,MVMC,Mock,Mock,5408,D7,34,7,Fecal
5409_D7_F,2,MVC,Mock,I4512i,5409,D7,34,7,Fecal
5411_D7_F,3,EVC,Enterisol,I4512i,5411,D7,34,7,Fecal
5413_D7_F,1,MVMC,Mock,Mock,5413,D7,34,7,Fecal
5415_D7_F,2,MVC,Mock,I4512i,5415,D7,34,7,Fecal
5416_D7_F,3,EVC,Enterisol,I4512i,5416,D7,34,7,Fecal
5418_D7_F,2,MVC,Mock,I4512i,5418,D7,34,7,Fecal
5420_D7_F,3,EVC,Enterisol,I4512i,5420,D7,34,7,Fecal
5421_D7_F,1,MVMC,Mock,Mock,5421,D7,34,7,Fecal
5425_D7_F,1,MVMC,Mock,Mock,5425,D7,34,7,Fecal
6140_D7_F,2,MVC,Mock,I4512i,6140,D7,34,7,Fecal
6141_D7_F,1,MVMC,Mock,Mock,6141,D7,34,7,Fecal
6142_D7_F,3,EVC,Enterisol,I4512i,6142,D7,34,7,Fecal
81_D7_F,3,EVC,Enterisol,I4512i,81,D7,34,7,Fecal
82_D7_F,1,MVMC,Mock,Mock,82,D7,34,7,Fecal
83_D7_F,2,MVC,Mock,I4512i,83,D7,34,7,Fecal
84_D7_F,1,MVMC,Mock,Mock,84,D7,34,7,Fecal
88_D7_F,1,MVMC,Mock,Mock,88,D7,34,7,Fecal
89_D7_F,3,EVC,Enterisol,I4512i,89,D7,34,7,Fecal
90_D7_F,2,MVC,Mock,I4512i,90,D7,34,7,Fecal
91_D7_F,1,MVMC,Mock,Mock,91,D7,34,7,Fecal
92_D7_F,3,EVC,Enterisol,I4512i,92,D7,34,7,Fecal
96_D7_F,2,MVC,Mock,I4512i,96,D7,34,7,Fecal
98_D7_F,1,MVMC,Mock,Mock,98,D7,34,7,Fecal
99_D7_F,3,EVC,Enterisol,I4512i,99,D7,34,7,Fecal
1971_D10_F,1,MVMC,Mock,Mock,1971,D10,37,10,Fecal
1972_D10_F,2,MVC,Mock,I4512i,1972,D10,37,10,Fecal
1973_D10_F,3,EVC,Enterisol,I4512i,1973,D10,37,10,Fecal
1975_D10_F,2,MVC,Mock,I4512i,1975,D10,37,10,Fecal
1977_D10_F,3,EVC,Enterisol,I4512i,1977,D10,37,10,Fecal
1978_D10_F,2,MVC,Mock,I4512i,1978,D10,37,10,Fecal
1979_D10_F,1,MVMC,Mock,Mock,1979,D10,37,10,Fecal
1980_D10_F,3,EVC,Enterisol,I4512i,1980,D10,37,10,Fecal
1981_D10_F,1,MVMC,Mock,Mock,1981,D10,37,10,Fecal
1984_D10_F,3,EVC,Enterisol,I4512i,1984,D10,37,10,Fecal
1986_D10_F,2,MVC,Mock,I4512i,1986,D10,37,10,Fecal
1988_D10_F,1,MVMC,Mock,Mock,1988,D10,37,10,Fecal
1989_D10_F,2,MVC,Mock,I4512i,1989,D10,37,10,Fecal
1990_D10_F,3,EVC,Enterisol,I4512i,1990,D10,37,10,Fecal
1991_D10_F,1,MVMC,Mock,Mock,1991,D10,37,10,Fecal
1993_D10_F,3,EVC,Enterisol,I4512i,1993,D10,37,10,Fecal
1995_D10_F,2,MVC,Mock,I4512i,1995,D10,37,10,Fecal
2000_D10_F,3,EVC,Enterisol,I4512i,2000,D10,37,10,Fecal
5374_D10_F,1,MVMC,Mock,Mock,5374,D10,37,10,Fecal
5375_D10_F,2,MVC,Mock,I4512i,5375,D10,37,10,Fecal
5377_D10_F,1,MVMC,Mock,Mock,5377,D10,37,10,Fecal
5379_D10_F,3,EVC,Enterisol,I4512i,5379,D10,37,10,Fecal
5381_D10_F,2,MVC,Mock,I4512i,5381,D10,37,10,Fecal
5382_D10_F,3,EVC,Enterisol,I4512i,5382,D10,37,10,Fecal
5393_D10_F,2,MVC,Mock,I4512i,5393,D10,37,10,Fecal
5394_D10_F,3,EVC,Enterisol,I4512i,5394,D10,37,10,Fecal
5396_D10_F,3,EVC,Enterisol,I4512i,5396,D10,37,10,Fecal
5397_D10_F,1,MVMC,Mock,Mock,5397,D10,37,10,Fecal
5400_D10_F,1,MVMC,Mock,Mock,5400,D10,37,10,Fecal
5402_D10_F,2,MVC,Mock,I4512i,5402,D10,37,10,Fecal
5404_D10_F,1,MVMC,Mock,Mock,5404,D10,37,10,Fecal
5406_D10_F,2,MVC,Mock,I4512i,5406,D10,37,10,Fecal
5407_D10_F,3,EVC,Enterisol,I4512i,5407,D10,37,10,Fecal
5408_D10_F,1,MVMC,Mock,Mock,5408,D10,37,10,Fecal
5409_D10_F,2,MVC,Mock,I4512i,5409,D10,37,10,Fecal
5411_D10_F,3,EVC,Enterisol,I4512i,5411,D10,37,10,Fecal
5413_D10_F,1,MVMC,Mock,Mock,5413,D10,37,10,Fecal
5415_D10_F,2,MVC,Mock,I4512i,5415,D10,37,10,Fecal
5416_D10_F,3,EVC,Enterisol,I4512i,5416,D10,37,10,Fecal
5418_D10_F,2,MVC,Mock,I4512i,5418,D10,37,10,Fecal
5420_D10_F,3,EVC,Enterisol,I4512i,5420,D10,37,10,Fecal
5421_D10_F,1,MVMC,Mock,Mock,5421,D10,37,10,Fecal
5425_D10_F,1,MVMC,Mock,Mock,5425,D10,37,10,Fecal
6140_D10_F,2,MVC,Mock,I4512i,6140,D10,37,10,Fecal
6141_D10_F,1,MVMC,Mock,Mock,6141,D10,37,10,Fecal
6142_D10_F,3,EVC,Enterisol,I4512i,6142,D10,37,10,Fecal
81_D10_F,3,EVC,Enterisol,I4512i,81,D10,37,10,Fecal
82_D10_F,1,MVMC,Mock,Mock,82,D10,37,10,Fecal
83_D10_F,2,MVC,Mock,I4512i,83,D10,37,10,Fecal
84_D10_F,1,MVMC,Mock,Mock,84,D10,37,10,Fecal
88_D10_F,1,MVMC,Mock,Mock,88,D10,37,10,Fecal
89_D10_F,3,EVC,Enterisol,I4512i,89,D10,37,10,Fecal
90_D10_F,2,MVC,Mock,I4512i,90,D10,37,10,Fecal
91_D10_F,1,MVMC,Mock,Mock,91,D10,37,10,Fecal
92_D10_F,3,EVC,Enterisol,I4512i,92,D10,37,10,Fecal
96_D10_F,2,MVC,Mock,I4512i,96,D10,37,10,Fecal
98_D10_F,1,MVMC,Mock,Mock,98,D10,37,10,Fecal
99_D10_F,3,EVC,Enterisol,I4512i,99,D10,37,10,Fecal
1971_D14_CC,1,MVMC,Mock,Mock,1971,D14,41,14,Cecal_contents
1971_D14_F,1,MVMC,Mock,Mock,1971,D14,41,14,Fecal
1972_D14_CC,2,MVC,Mock,I4512i,1972,D14,41,14,Cecal_contents
1972_D14_F,2,MVC,Mock,I4512i,1972,D14,41,14,Fecal
1973_D14_CC,3,EVC,Enterisol,I4512i,1973,D14,41,14,Cecal_contents
1973_D14_F,3,EVC,Enterisol,I4512i,1973,D14,41,14,Fecal
1975_D14_CC,2,MVC,Mock,I4512i,1975,D14,41,14,Cecal_contents
1975_D14_F,2,MVC,Mock,I4512i,1975,D14,41,14,Fecal
1977_D14_CC,3,EVC,Enterisol,I4512i,1977,D14,41,14,Cecal_contents
1977_D14_F,3,EVC,Enterisol,I4512i,1977,D14,41,14,Fecal
1978_D14_CC,2,MVC,Mock,I4512i,1978,D14,41,14,Cecal_contents
1978_D14_F,2,MVC,Mock,I4512i,1978,D14,41,14,Fecal
1979_D14_CC,1,MVMC,Mock,Mock,1979,D14,41,14,Cecal_contents
1979_D14_F,1,MVMC,Mock,Mock,1979,D14,41,14,Fecal
1980_D14_CC,3,EVC,Enterisol,I4512i,1980,D14,41,14,Cecal_contents
1980_D14_F,3,EVC,Enterisol,I4512i,1980,D14,41,14,Fecal
1981_D14_CC,1,MVMC,Mock,Mock,1981,D14,41,14,Cecal_contents
1981_D14_F,1,MVMC,Mock,Mock,1981,D14,41,14,Fecal
1984_D14_CC,3,EVC,Enterisol,I4512i,1984,D14,41,14,Cecal_contents
1984_D14_F,3,EVC,Enterisol,I4512i,1984,D14,41,14,Fecal
1986_D14_CC,2,MVC,Mock,I4512i,1986,D14,41,14,Cecal_contents
1986_D14_F,2,MVC,Mock,I4512i,1986,D14,41,14,Fecal
1988_D14_CC,1,MVMC,Mock,Mock,1988,D14,41,14,Cecal_contents
1988_D14_F,1,MVMC,Mock,Mock,1988,D14,41,14,Fecal
1989_D14_CC,2,MVC,Mock,I4512i,1989,D14,41,14,Cecal_contents
1989_D14_F,2,MVC,Mock,I4512i,1989,D14,41,14,Fecal
1990_D14_CC,3,EVC,Enterisol,I4512i,1990,D14,41,14,Cecal_contents
1990_D14_F,3,EVC,Enterisol,I4512i,1990,D14,41,14,Fecal
1991_D14_CC,1,MVMC,Mock,Mock,1991,D14,41,14,Cecal_contents
1991_D14_F,1,MVMC,Mock,Mock,1991,D14,41,14,Fecal
1993_D14_CC,3,EVC,Enterisol,I4512i,1993,D14,41,14,Cecal_contents
1993_D14_F,3,EVC,Enterisol,I4512i,1993,D14,41,14,Fecal
1995_D14_CC,2,MVC,Mock,I4512i,1995,D14,41,14,Cecal_contents
1995_D14_F,2,MVC,Mock,I4512i,1995,D14,41,14,Fecal
2000_D14_CC,3,EVC,Enterisol,I4512i,2000,D14,41,14,Cecal_contents
2000_D14_F,3,EVC,Enterisol,I4512i,2000,D14,41,14,Fecal
5374_D14_CC,1,MVMC,Mock,Mock,5374,D14,41,14,Cecal_contents
5374_D14_F,1,MVMC,Mock,Mock,5374,D14,41,14,Fecal
5375_D14_CC,2,MVC,Mock,I4512i,5375,D14,41,14,Cecal_contents
5375_D14_F,2,MVC,Mock,I4512i,5375,D14,41,14,Fecal
5377_D14_CC,1,MVMC,Mock,Mock,5377,D14,41,14,Cecal_contents
5377_D14_F,1,MVMC,Mock,Mock,5377,D14,41,14,Fecal
5379_D14_CC,3,EVC,Enterisol,I4512i,5379,D14,41,14,Cecal_contents
5379_D14_F,3,EVC,Enterisol,I4512i,5379,D14,41,14,Fecal
5381_D14_CC,2,MVC,Mock,I4512i,5381,D14,41,14,Cecal_contents
5381_D14_F,2,MVC,Mock,I4512i,5381,D14,41,14,Fecal
5382_D14_CC,3,EVC,Enterisol,I4512i,5382,D14,41,14,Cecal_contents
5382_D14_F,3,EVC,Enterisol,I4512i,5382,D14,41,14,Fecal
5393_D14_CC,2,MVC,Mock,I4512i,5393,D14,41,14,Cecal_contents
5393_D14_F,2,MVC,Mock,I4512i,5393,D14,41,14,Fecal
5394_D14_CC,3,EVC,Enterisol,I4512i,5394,D14,41,14,Cecal_contents
5394_D14_F,3,EVC,Enterisol,I4512i,5394,D14,41,14,Fecal
5396_D14_CC,3,EVC,Enterisol,I4512i,5396,D14,41,14,Cecal_contents
5396_D14_F,3,EVC,Enterisol,I4512i,5396,D14,41,14,Fecal
5397_D14_CC,1,MVMC,Mock,Mock,5397,D14,41,14,Cecal_contents
5397_D14_F,1,MVMC,Mock,Mock,5397,D14,41,14,Fecal
5400_D14_CC,1,MVMC,Mock,Mock,5400,D14,41,14,Cecal_contents
5400_D14_F,1,MVMC,Mock,Mock,5400,D14,41,14,Fecal
5402_D14_CC,2,MVC,Mock,I4512i,5402,D14,41,14,Cecal_contents
5402_D14_F,2,MVC,Mock,I4512i,5402,D14,41,14,Fecal
5404_D14_CC,1,MVMC,Mock,Mock,5404,D14,41,14,Cecal_contents
5404_D14_F,1,MVMC,Mock,Mock,5404,D14,41,14,Fecal
5406_D14_CC,2,MVC,Mock,I4512i,5406,D14,41,14,Cecal_contents
5406_D14_F,2,MVC,Mock,I4512i,5406,D14,41,14,Fecal
5407_D14_CC,3,EVC,Enterisol,I4512i,5407,D14,41,14,Cecal_contents
5407_D14_F,3,EVC,Enterisol,I4512i,5407,D14,41,14,Fecal
5408_D14_CC,1,MVMC,Mock,Mock,5408,D14,41,14,Cecal_contents
5408_D14_F,1,MVMC,Mock,Mock,5408,D14,41,14,Fecal
5409_D14_CC,2,MVC,Mock,I4512i,5409,D14,41,14,Cecal_contents
5409_D14_F,2,MVC,Mock,I4512i,5409,D14,41,14,Fecal
5411_D14_CC,3,EVC,Enterisol,I4512i,5411,D14,41,14,Cecal_contents
5411_D14_F,3,EVC,Enterisol,I4512i,5411,D14,41,14,Fecal
5413_D14_CC,1,MVMC,Mock,Mock,5413,D14,41,14,Cecal_contents
5413_D14_F,1,MVMC,Mock,Mock,5413,D14,41,14,Fecal
5415_D14_CC,2,MVC,Mock,I4512i,5415,D14,41,14,Cecal_contents
5415_D14_F,2,MVC,Mock,I4512i,5415,D14,41,14,Fecal
5416_D14_CC,3,EVC,Enterisol,I4512i,5416,D14,41,14,Cecal_contents
5416_D14_F,3,EVC,Enterisol,I4512i,5416,D14,41,14,Fecal
5418_D14_CC,2,MVC,Mock,I4512i,5418,D14,41,14,Cecal_contents
5418_D14_F,2,MVC,Mock,I4512i,5418,D14,41,14,Fecal
5420_D14_CC,3,EVC,Enterisol,I4512i,5420,D14,41,14,Cecal_contents
5420_D14_F,3,EVC,Enterisol,I4512i,5420,D14,41,14,Fecal
5421_D14_CC,1,MVMC,Mock,Mock,5421,D14,41,14,Cecal_contents
5421_D14_F,1,MVMC,Mock,Mock,5421,D14,41,14,Fecal
5425_D14_CC,1,MVMC,Mock,Mock,5425,D14,41,14,Cecal_contents
5425_D14_F,1,MVMC,Mock,Mock,5425,D14,41,14,Fecal
6140_D14_CC,2,MVC,Mock,I4512i,6140,D14,41,14,Cecal_contents
6140_D14_F,2,MVC,Mock,I4512i,6140,D14,41,14,Fecal
6141_D14_CC,1,MVMC,Mock,Mock,6141,D14,41,14,Cecal_contents
6141_D14_F,1,MVMC,Mock,Mock,6141,D14,41,14,Fecal
6142_D14_CC,3,EVC,Enterisol,I4512i,6142,D14,41,14,Cecal_contents
6142_D14_F,3,EVC,Enterisol,I4512i,6142,D14,41,14,Fecal
81_D14_CC,3,EVC,Enterisol,I4512i,81,D14,41,14,Cecal_contents
81_D14_F,3,EVC,Enterisol,I4512i,81,D14,41,14,Fecal
82_D14_CC,1,MVMC,Mock,Mock,82,D14,41,14,Cecal_contents
82_D14_F,1,MVMC,Mock,Mock,82,D14,41,14,Fecal
83_D14_CC,2,MVC,Mock,I4512i,83,D14,41,14,Cecal_contents
83_D14_F,2,MVC,Mock,I4512i,83,D14,41,14,Fecal
84_D14_CC,1,MVMC,Mock,Mock,84,D14,41,14,Cecal_contents
84_D14_F,1,MVMC,Mock,Mock,84,D14,41,14,Fecal
88_D14_CC,1,MVMC,Mock,Mock,88,D14,41,14,Cecal_contents
88_D14_F,1,MVMC,Mock,Mock,88,D14,41,14,Fecal
89_D14_CC,3,EVC,Enterisol,I4512i,89,D14,41,14,Cecal_contents
89_D14_F,3,EVC,Enterisol,I4512i,89,D14,41,14,Fecal
90_D14_CC,2,MVC,Mock,I4512i,90,D14,41,14,Cecal_contents
90_D14_F,2,MVC,Mock,I4512i,90,D14,41,14,Fecal
91_D14_CC,1,MVMC,Mock,Mock,91,D14,41,14,Cecal_contents
91_D14_F,1,MVMC,Mock,Mock,91,D14,41,14,Fecal
92_D14_CC,3,EVC,Enterisol,I4512i,92,D14,41,14,Cecal_contents
92_D14_F,3,EVC,Enterisol,I4512i,92,D14,41,14,Fecal
96_D14_CC,2,MVC,Mock,I4512i,96,D14,41,14,Cecal_contents
96_D14_F,2,MVC,Mock,I4512i,96,D14,41,14,Fecal
98_D14_CC,1,MVMC,Mock,Mock,98,D14,41,14,Cecal_contents
98_D14_F,1,MVMC,Mock,Mock,98,D14,41,14,Fecal
99_D14_CC,3,EVC,Enterisol,I4512i,99,D14,41,14,Cecal_contents
99_D14_F,3,EVC,Enterisol,I4512i,99,D14,41,14,Fecal
